doc_id,text,p_green,u,llm_green_suggested,llm_confidence,llm_rationale,is_green_human
9410018,"1. A curable composition that comprises: (A) a polymerized product comprising a linear organosiloxane compound, which is represented by an average composition formula of Formula 1 and, of which a molar ratio of an alkenyl group bound to a silicon atom with respect to the total silicon atoms ranges from 0.02 to 0.2; (B) a crosslinked organosiloxane compound, which is represented by an average composition formula of Formula 2, and of which a molar ratio of an alkenyl group bound to a silicon atom with respect to the total silicon atoms ranges from 0.15 to 0.35; and (C) a hydrogen siloxane compound, which is represented by Formula 3, and of which a molar ratio of a hydrogen atom bound to a silicon atom with respect to the total silicon atoms ranges from 0.2 to 0.8, the crosslinked organosiloxane compound being comprised in a weight ratio of 50 parts by weight to 700 parts by weight relative to 100 parts by weight of the linear organosiloxane compound, a molar ratio of a hydrogen atom bound to a silicon atom in the siloxane compound with respect to an alkenyl group bound to a silicon atom in the linear and crosslinked organosiloxane compounds ranging from 0.8 to 1.2 and the hydrogen siloxane compound comprising an aryl group in such an amount that a molar ratio (Ar/Si) of the aryl group (Ar) with respect to the total silicon atoms (Si) in the hydrogen siloxane compound is in a range from 0.4 to 0.8: wherein R",0.5000209562533056,0.9999580874933888,,,,
9166410,"1. A system that provides alternating current (AC) line balancing, comprising: a three-phase power source including a first AC line that provides a first phase current, a second AC line that provides a second phase current, and a third AC line that provides a third phase current; the first, second and third AC lines coupled to a first set of loads that are critical loads that are continuously powered loads for which the AC lines are not switched; a first transfer switch that is only coupled to the first AC line and the second AC line; a second transfer switch that is only coupled to the second AC line and the third AC line; a third transfer switch that is only coupled to the first AC line and the third AC line; the first, second, and third transfer switches are coupled to a second set of loads that are non-critical loads for which the AC lines may be switched, wherein the first second, and third transfer switches couple the first, second, and third AC lines to the second set of loads; a monitoring component that detects the first phase current, the second phase current and the third phase current provided by the first, second and third AC lines to the first and second sets of loads, and identifies a particular AC line from the first, second and third AC lines that provides a highest level of current to the first and second sets of loads; and a control component that configures at least one transfer switch of the first, second, or third transfer switches to couple an AC line other than the particular AC line to the second set of loads.",0.4999673284461461,0.9999346568922924,,,,
8957599,"1. A supervision circuit for supervising an organic light emitting diode device, the supervision circuit comprising a detection circuit for detecting a first failure state of the organic light emitting diode device and for generating, in response to a detected first failure state that has a duration equal to or larger than a time-interval, a first decision signal, the first failure state being a short defect, wherein the detection circuit is arranged for detecting a further failure state of the organic light emitting diode device and for generating, in response to a detected further failure state, a further decision signal, the further failure state being an open defect; and a switching circuit for, in response to the first decision signal, bypassing the organic light emitting diode device, and for bypassing the organic light emitting diode device in response to the further decision signal.",0.5000673821215822,0.9998652357568356,,,,
8346187,"1. A transmission circuit that outputs a transmission signal having a power level indicated by a power level signal which is transmitted from a predefined base station, the transmission circuit comprising: an amplitude phase separator that separates an input signal into an amplitude signal that indicates an amplitude component and a phase signal that indicates a phase component a phase modulator that conducts a phase modulation on the phase signal and outputs a phase modulation signal; a power amplifier which (i) includes a transistor, (ii) amplifies the phase modulation signal using the transistor and (iii) outputs the amplified phase modulation signal as the transmission signal; a collector controller that controls a collector voltage supplied to the transistor; a base controller that controls a base bias voltage supplied to the transistor; and a switching controller, which (i) receives the power level signal from the predefined base station, (ii) switches, when the power level indicated by the power level signal is lower than a predefined value, to control the collector controller in accordance with the amplitude signal and the power level signal and to control the base controller in accordance with the power level signal, and (iii) switches, when the power level indicated by the power level signal is equal to or more than the predefined value, to control the base controller in accordance with the amplitude signal and the power level signal and to control the collector controller in accordance with the power level signal, wherein the power amplifier amplifies the phase modulation signal based on the collector voltage and the base bias voltage controlled by the collector controller and the base controller.",0.5000711619680747,0.9998576760638508,,,,
9736884,"1. A wireless medical sensor network of devices including at least one duty-cycling medical sensor, at least one other non-medical duty-cycling device and a coordinator device, the at least one duty-cycling medical sensor comprising: sensing means operable to detect values of a life parameter of a patient; transmission and reception means for wireless communication with other devices in the network; and sensor control means operable to control a sleep pattern of the sensor; and the coordinator device comprising transmission and reception means for wireless communication with other devices in the network; wherein a plurality of predefined sleep patterns is provided, the choice of a suitable sleep pattern being determined according to a number of life parameter value thresholds, each threshold defining a boundary between a lower wake-up and a higher wake-up sleep pattern; wherein the sensor transmission means is operable to transmit value information as to the life parameter and the coordinator device transmission means is operable to transmit an indication of a suitable sensor sleep pattern determined centrally by comparing the transmitted value information with the thresholds for the life parameter; and wherein the coordinator device is operable to transmit suitable sleep patterns for each of the duty-cycling devices, a suitable sleep pattern transmitted to at least one non-medical duty-cycling device additionally taking into account at least one external factor not related to that non-medical duty-cycling device, in the form of the number of the medical sensor devices in the network in a predefined emergency state.",0.5001625494759745,0.999674901048051,,,,
9665158,"1. A method comprising: receiving, by a processor associated with a client device, data that includes information associated with a first element in a document; determining, by the processor, a battery level associated with the client device; determining, by the processor, whether the battery level satisfies a threshold; presenting, by the processor and when the battery level satisfies the threshold, the document for display on a display of the client device, wherein presenting the document includes presenting the first element; and presenting, by the processor and when the battery level does not satisfy the threshold, a modified document for display on the display, wherein the modified document includes a modified version of the first element that is formed using a table that stores data indicating how to modify elements to form modified versions of the elements, and wherein the client device uses less power to present the modified document than the document.",0.4997959201678659,0.9995918403357318,,,,
9562168,"1. A fluoropolymer coating composition comprising: an aqueous liquid medium; fluoropolymer particles dispersed in the aqueous liquid medium wherein the fluoropolymer or fluoropolymer mixture comprises repeat units derived from VF, VDF, or a combination thereof and at least 45 mole-% of repeat units derived from TFE; inorganic oxide nanoparticles; a compound that reacts with the repeat units derived from VF and VDF to crosslink the fluoropolymer and/or couple the fluoropolymer to the inorganic oxide nanoparticles.",0.500254794180827,0.999490411638346,,,,
8691563,1. A vector comprising: (a) DNA encoding an infectious RNA molecule; and (b) a CMV RNA polymerase promoter; wherein:,0.500393170096561,0.999213659806878,,,,
9056298,"1. A method for causing cavitation in a substance, comprising: providing a first fluid substance in a spherical resonator chamber; applying acoustic energy to said spherical resonator chamber so that said acoustic energy is transmitted by said spherical resonator chamber into said first fluid substance in said spherical resonator chamber; providing a second fluid substance in a spherical cavitation reactor chamber disposed within said spherical resonator chamber; causing said acoustic energy to propagate from said first fluid substance through a wall of said spherical cavitation reactor chamber into said second fluid substance so as to cause acoustic cavitation within said second fluid substance; and wherein said spherical resonator chamber and said spherical cavitation reactor chamber are substantially concentric with respect to each other.",0.4994478618956641,0.9988957237913284,,,,
8778860,"1. A cleaning composition comprising: from 0.1 to 3.0 wt % of a mixture of surfactants including dicaprylyl ether, hexyl glucoside and glyceryl oleate; from 0.25 to 3.0 wt % alkylpolyglycoside; from 0.1 to 3.0 wt % sodium coco sulfate; at least one essential oil; and water.",0.5007174705951454,0.9985650588097092,,,,
8739718,"1. A boat hull ( 10 ), comprising: a hinge ( a first lower edge ( a second lower edge ( a door lock assembly ( an inner door frame ( a first door gusset ( a hull gusset (",0.5007245106899832,0.9985509786200336,,,,
8850809,"1. A pulsed plasma engine, comprising a chamber, a pair of electrodes within the chamber, means for introducing a noncombustible gas into the chamber, means for ionizing the gas to form a plasma within the chamber, means for applying an electrical pulse to the electrodes to produce heating of the plasma when the pulse is turned on and an explosive pressure pulse when the electrical pulse is turned off, and means for creating a magnetic field within the chamber for confining the plasma and directing the pressure pulse to an output member driven by the pressure pulse.",0.4992448483461888,0.9984896966923776,,,,
9326938,"1. An oligomer-contained nanoparticle complex, comprising: a) a nanoparticle; b) a polymer, wherein the polymer is an amphiphilic polymer having a hydrophilic and a hydrophobic group, and the hydrophobic group is inserted on the outside of the nanoparticle; c) a targeting molecule, wherein an end of the targeting molecule is bonded with the hydrophilic segment of the polymer by intermolecular hydrogen bonds; d) an oligomer, wherein the oligomer is hydrophilic or charged, and two ends of the oligomer are conjugated by covalent bonds with the targeting molecule, and e) a space for active substances, wherein the space for active substances is encapsulated by the nanoparticle.",0.499206461183204,0.998412922366408,,,,
9667408,"1. A sampling device for use in a distributed power measurement system, the sampling device comprising: a delta-sigma modulator for sampling a power system quantity to generate a bitstream of delta-sigma modulated sample data; a link interface to send and receive data using a high-speed isochronous data link; a clock circuit to generate a local clock signal; a data storage element to store a sequence number associated with a time-stamp packet received over the link interface; a counter clocked by the local clock signal to determine an offset time between receipt of the time-stamp packet and transmission of framed output data; and a framing controller to generate the framed output data for transmission over the isochronous data link, wherein the framed output data includes the sequence number, the offset time, and the delta-sigma modulated sample data, wherein the counter is to preload a value when resetting the offset time, and wherein the value includes propagation delay within the sampling device between receiving the time-stamp packet and resetting the offset time.",0.4991933712377364,0.9983867424754728,,,,
9764893,"1. A system for monitoring hatch cover closure position of a hatch comprising a base flange with an upper sealing ring, a hatch cover lid with a lower sealing ring, a pressure gasket aligned between the upper and lower sealing rings and a hinge for coupling the hatch cover lid to the base flange and enabling the hatch cover lid to open and close, the system comprising: a force sensor for measuring a first force and a second force between the upper sealing ring and the lower sealing ring and converting the first force and the second force to first force signal data and second force signal data, respectively, wherein the second force is indicative of the hatch cover lid in a closed state and the first force is lower than the second force and is indicative of the hatch cover lid in an open state, and the first force signal data being different from the second force signal data, the force sensor comprising: at least one conductor; and a monitor electrically coupled to the at least one conductor of the force sensor for receiving the first force signal data and the second force signal data from the force sensor.",0.5010167667772494,0.9979664664455012,,,,
8840916,"1. A polymer of Formula (I/II): wherein: wherein L/G signifies a PLG copolymer segment, the H atoms at both distal ends signify the hydrogen atoms borne by the terminal hydroxyl groups, and R R the polymer is substantially insoluble in water and body fluid, the polymer has substantially no titratable carboxylic acid groups, the polymer has a weight average molecular weight from about 10 kD to about 50 kD, and the polymer in neat form is a solid at ambient temperature.",0.4989720789794093,0.9979441579588186,,,,
9179351,"1. A method of receiving a signal of a user equipment in a multi-node system including a plurality of nodes and a base station for controlling the plurality of nodes, the method comprising: receiving a reference parameter from the base station; receiving a node-specific signal from at least one node among the plurality of nodes; and decoding the node-specific signal, wherein a virtual cell parameter required for decoding of the node-specific signal is determined based on the reference parameter, and wherein the node-specific signal is decoded b using each of candidates of the virtual cell parameter which is dependent on the reference parameter.",0.4989162504072284,0.9978325008144568,,,,
9126894,"1. An electrochemical gas sensor assembly comprising: a housing; a first and a second electrode positioned within the housing; a substantially solvent-free, ionic liquid electrolyte contained within the housing in electrical contact with the electrodes; and a gas access port, wherein the substantially solvent-free, ionic liquid electrolyte comprises methyl-octyl-imidazolium-chloride, or butyl-methyl-imidazolium-bis-trifluoromethane-sulfonimide, or mixtures thereof, wherein the substantially solvent-free, ionic liquid electrolyte is substantially free of additives wherein the substantially solvent-free, ionic liquid electrolyte is weight-stable after remaining 5 days at a temperature of 80° C.",0.4987476079999918,0.9974952159999836,,,,
8378480,"1. A package structure comprising: a first die; a second die over and bonded to the first die, wherein the second die has a size smaller than a size of the first die; a dummy chip over the first die, wherein the dummy chip comprises a portion encircling the second die, wherein the dummy chip comprises a material selected from the group consisting essentially of silicon and a metal, wherein the dummy chip comprises an opening extending from a bottom surface to an intermediate level of the dummy chip, wherein a portion of the dummy chip covers the opening, and wherein the second die extends into the opening; an adhesive adhering the dummy chip to the first die; metal pillars extending from a top surface to a bottom surface of the dummy chip; a gap in the opening and horizontally between a sidewall of the second die and a sidewall of the dummy chip; and a thermally conductive material horizontally between and contacting the dummy chip and the second die, wherein the thermally conductive material is in physical contact with the sidewall of the second die and the sidewall of the dummy chip.",0.4985737597721161,0.9971475195442324,,,,
9772964,"1. A multi-processor system comprising: a plurality of cores executing an assigned interrupt processing; and a storage storing execution time information of each interrupt processing and execution time limit information of each interrupt processing; wherein a first core of the plurality of cores is configured to: calculate each total processing time of an interrupt processing that has been assigned to each core of the plurality of cores and a first interrupt processing based on the execution time information stored in the storage when the first interrupt processing is detected, and assign the first interrupt processing to an arbitrary core for which a shortest time among a time to an execution time limit of the first interrupt processing based on the execution time limit information stored in the storage and a time to an execution time limit for each interrupt processing that has been assigned based on the execution time limit information stored in the storage being equal to or less than the total processing time.",0.5014962905439676,0.9970074189120648,,,,
9854527,"1. A user equipment device (UE), comprising: at least one antenna; at least one radio, wherein the at least one radio is configured to perform cellular communication using at least one radio access technology (RAT); one or more processing elements coupled to the at least one radio, wherein the one or more processing elements and the at least one radio are configured to perform voice and/or data communications; the one or more processing elements and the at least one radio are configured to:",0.4981203507241865,0.996240701448373,,,,
9051266,"1. A carbazole derivative represented by formula (I): wherein Ar1 and Ar2 are, independently, substituted or unsubstituted phenyl, naphthalenyl or heteroaryl containing nitrogen, oxygen or sulfur; and R is hydrogen, methyl or t-butyl.",0.4980640990988838,0.9961281981977675,,,,
9508877,"1. A method for manufacturing a front electrode of a semiconductor device, the method comprising: providing a semiconductor device including an insulation surface coating; printing an electrically conductive paste overlying a patterned contact region of the insulation surface coating, the electrically conductive paste comprising: sintering the electrically conductive paste overlying the patterned contact region of the insulation surface coating, wherein the sintering comprises:",0.5021302640980949,0.9957394718038102,,,,
9838885,"1. A wireless communication system of a flat network architecture, comprising at least one baseband signal source, an Expansion Unit (EU) and at least one Radio remote Unit (RU) connected with the EU, wherein: the baseband signal source, configured to convert downlink data transmitted by a radio service provider network into a downlink baseband high-rate signal and then transmit the downlink baseband high-rate signal to the EU, and to convert an uplink baseband high-rate signal transmitted by the EU into uplink data and then transmit the uplink data to the radio service provider network; the EU, configured to decompose the downlink baseband high-rate signal transmitted by the baseband signal source into multiple downlink sub-baseband high-rate signals and convert the downlink sub-baseband high-rate signals into downlink sub-baseband low-rate signals and then transmit the downlink sub-baseband low-rate signals to the RU, and to converge and convert uplink sub-baseband low-rate signals transmitted by the RU into the uplink baseband high-rate signal and then transmit the uplink baseband high-rate signal to the baseband signal source; and the RU, configured to up-convert the downlink sub-baseband low-rate signals transmitted by the EU into remote downlink radio frequency signals and transmit the remote downlink radio frequency signals to a user equipment, and to down-convert remote uplink radio frequency signals transmitted by the user equipment into the uplink sub-baseband low-rate signals and then transmit the uplink sub-baseband low-rate signals to the EU, wherein the sub-baseband high-rate signals are I/O signals of the baseband signals.",0.502145912930557,0.995708174138886,,,,
8562470,"1. A dual-drive electric machine installed with an epicyclic gear type clutch, comprising: an electric machine (EM a epicyclic gear set (EG a first rotation shaft (S a second rotation shaft (S a sleeve type rotation shaft (AS at least one controllable brake device (BK a housing (H the first rotation shaft (S the second rotation shaft (S the sleeve type rotation shaft (AS a first action side of the at least one controllable brake device (BK a second action side of the at least one controllable brake device (BK",0.4978279375803141,0.995655875160628,,,,
9014008,"1. A method for a node in a wireless network to forward a packet using a routing protocol, the method comprising: receiving the packet from another node; and operating in a forward progress mode of the routing protocol, comprising:",0.502219169906175,0.99556166018765,,,,
9577285,"1. A solid electrolyte comprising: particles comprising Li wherein the Li wherein the method includes: wherein the chelating agent in the second mixed solution may be at least one of ammonia, ethylene diamine, acetic acid, or acetyl acetone; and further wherein the primary particle synthesized by the sol-gel method has a particle size distribution at 50%-point accumulation ranging from about 250 nm to about 500 nm, and a particle size distribution at 90%-point accumulation ranging from about 350 nm to about 700 nm; and wherein the solid electrolyte has an ionic conductivity of about 2.33×10",0.502247675941781,0.995504648116438,,,,
9496112,"1. An electric device comprising: an electric element having an element terminal; a conductive spring being deflected, the spring being electrically coupled to the element terminal by a fusible joint; a housing comprising an inner wall, wherein the spring is fixed to the housing so that the spring is deflected, wherein a spring section that is connected to the element terminal moves away from the element terminal when the joint fuses; a switch comprising: wherein the electric element is arranged on one side of the inner wall and the spring and the switch are arranged on the other side of the inner wall, and wherein the electrical device is configured such that when the joint fuses, the spring relaxes, thereby decoupling the spring and the element terminal and changing the state of the switch.",0.4976804544151431,0.9953609088302864,,,,
9577912,"1. A computer-implemented method for generating a status update message, the method comprising: monitoring software application activity to determine whether a status update criterion has been met, wherein the status update criterion indicates that one or more commands have been entered in conjunction with a first attribute of the software application; and in response to the status update criterion being met, transmitting a status update message indicating that the update criterion has been met, wherein the status update message comprises information related to the software application.",0.497439278167281,0.994878556334562,,,,
8354541,"1. A process for optical purification of esomeprazole or a salt thereof, which process comprises: a. preparing a solution of esomeprazole sodium having 20 to 1% R-omeprazole by weight of the sum of the contents of esomeprazole and R-omeprazole in a solvent selected from an alcohol or a mixture of alcohols; b. precipitating esomeprazole sodium; and c. collecting the precipitated substantially pure esomeprazole sodium.",0.4973691430152944,0.9947382860305888,,,,
8733904,"1. An electro-mechanical transducer, comprising: one of a substrate and a foundation film; a first electrode of oxide disposed on the one of the substrate and the foundation film; an electro-mechanical transducer film disposed on the first electrode; a second electrode of oxide disposed on the electro-mechanical transducer film; and a third electrode of metal formed on the first electrode as a common electrode conductive to the first electrode, wherein the width of the first electrode is longer than the width of the electro-mechanical transducer film, wherein the electro-mechanical transducer comprises plural elements, each including an individual electro-mechanical transducer film and an individual second electrode, and the third electrode is common to at least two of the plural elements.",0.5026555856431945,0.9946888287136112,,,,
9042996,"1. An implantable medical device, comprising: a first implantable component including wireless communication circuitry; and first and second external component including wireless communication circuitry, wherein the wireless communication circuitry of the first external component is coupled to the wireless communication circuitry of the first implantable component via a first wireless link, wherein the wireless communication circuitry of the first external component is adapted to communicate with wireless communication circuitry of the second external component via a second wireless link, and wherein the wireless communication circuitry of the second external component is adapted to be coupled to the wireless communication circuitry of a second implantable component via a third wireless link; and a controller configured to implement a communication scheme in which the first and second wireless links only operate during different sets of time periods and in which the first and third wireless links during the same time period.",0.5026816784098002,0.9946366431803996,,,,
9045010,"1. A motorcycle tire comprising a tread portion having a tread width as measured axially between tread edges, the tread portion provided with a crown oblique groove disposed within a center region of the tread portion which region is defined as having 30% of the tread width, in a meridian section of the tire, the center region having a radius of curvature of from 0.60 to 0.75 times the tread width, the center region having a land ratio in a range of from 0.75 to 0.95, the crown oblique groove extending continuously or discontinuously in the tire circumferential direction, across the tire equator a plurality of times, and the crown oblique groove inclined at angles of not more than 20 degrees with respect to the tire circumferential direction, wherein the crown oblique groove is made up of oblique groove segments each extending straight across the tire equator, and the tread portion is provided on each side of the center region with shoulder grooves, the shoulder grooves are substantially straight grooves inclined towards one circumferential direction at a substantially constant angle in the range of 30 to 60 degrees with respect to the tire circumferential direction, wherein the crown oblique groove is discontinuous, and the shoulder grooves on each side of the tire equator are arranged at circumferential pitches each of which is substantially equal to one-quarter of a zigzag pitch (L3+L4+L5×2) of the crown oblique groove.",0.5027281912589022,0.9945436174821956,,,,
9374669,"1. A method for requesting assistance data, comprising, at a mobile device: determining an expected quality of service information; transmitting a request for assistance data; transmitting the expected quality of service information; and receiving an assistance data file comprising heat map information, wherein the heat map information includes a heat map grid resolution and a suitable quantization precision level for heat map values as determined, at least in part, based on the expected quality of service information.",0.4972433208870329,0.9944866417740658,,,,
8399717,"1. A method for purifying an alcohol from a fermentation broth, comprising the following steps: a) clarifying the fermentation broth in order to obtain an aqueous solution containing the alcohol, b) adding a solvent to the aqueous solution to reach a proportion of solvent of at least 10% per weight, wherein the solvent has a boiling point which is higher than the boiling point of the alcohol to be purified, c) feeding the aqueous solution containing the solvent to a falling film evaporator, a wiped film evaporator, a thin film evaporator or a short path evaporator, for evaporation of the alcohol to be purified and drawing out of crystallized salts by the solvent, d) recovering the alcohol.",0.4971453961327435,0.9942907922654872,,,,
9349893,"1. A collapsible photovoltaic module mounting assembly framework comprising: at least two substantially parallel supporting beams; and at least two substantially parallel photovoltaic module rails each configured to secure a portion of a photovoltaic module, each photovoltaic module rail having: wherein the at least two module rails are pivotally connected to the at least two supporting beams; wherein the supporting beams can be moved to a relative position adjacent to each other by moving the module rails from a first orientation substantially perpendicular to the supporting beams to a second orientation substantially oblique to the supporting beams.",0.4970809107220876,0.9941618214441752,,,,
9055105,"1. A method comprising: discovering local information by broadcasting an anonymous propagating multi-hop flooding message including a query over a wireless ad-hoc mesh network without the use of internet protocols; and receiving a reply to the anonymous propagating multi-hop flooding message from a wireless node, which receives the anonymous propagating multi-hop flooding message, over the ad-hoc mesh network without the use of internet protocols, wherein the wireless node receiving the anonymous propagating multi-hop flooding message includes a message table containing flooding messages the wireless node has scheduled to be transmitted, the message table is updated to include the received anonymous propagating multi-hop flooding message that the wireless node has scheduled to be transmitted, each entry in the message table contains the anonymous propagating multi-hop flooding message, the time when the anonymous propagating multi-hop flooding message is scheduled to be sent, and a number of receptions of a same anonymous propagating multi-hop flooding message by the wireless node, the anonymous propagating multi-hop flooding message is removed from the message table at a time a maximum number of receptions of the same anonymous propagating multi-hop flooding message is reached, the reply includes a pointer or small-volume data related to the discovered local information, the anonymous propagating multi-hop flooding message is transmitted to the neighboring nodes in connectionless manner without the need to send any prior control signals or messages to the neighboring nodes before the transmission or without knowledge of the addresses of the neighboring nodes, and the neighboring nodes to which the anonymous propagating multi-hop flooding message is transmitted include one or more nodes that are different from node from which the anonymous propagating multi-hop flooding message is received.",0.5029343737202474,0.9941312525595052,,,,
8543121,"1. A networked computing system utilizing historical usage information for optimizing communications resources, comprising: a first transceiver device; a second transceiver device; at least one user equipment; a server computer; and a data communications network facilitating data communication amongst the first transceiver device, the second transceiver device, the at least one user equipment, and the server computer, wherein the first transceiver device is configured to: track a local access node usage pattern to generate a first set of usage pattern metrics; receive a frequency resource allocation plan; allocate at least one frequency resource based at least in part on the first set of usage pattern metrics and the frequency resource allocation plan; receive a second set of usage pattern metrics from the second transceiver device; predict a probability of cochannel interference based on the first set of usage pattern metrics and the second set of usage pattern metrics; and determine a preferred channel list based on the predicted probability.",0.4970031326550294,0.9940062653100588,,,,
8377498,"1. A method for producing a medical device with a hydrophilic surface coating, comprising the steps of: providing a substrate;",0.503076614311407,0.993846771377186,,,,
9740845,"1. A beacon-authenticated electronic device associated with a device user, the device comprising: a device housing; a thermal sensor at least partially within the device housing; a non-thermal signal detection system; and a device controller configured to authenticate the device user when the device is locked by, in order, sensing a human presence via the thermal sensor and based on sensing the human presence, activating the non-thermal signal detection system, detecting a non-thermal beacon via the non-thermal signal detection system, wherein the beacon contains an authentication string-code, determining whether the embedded authentication string-code is associated with the device user, and allowing the user access to the device when the authentication string-code is determined to be associated with the device user, and otherwise maintaining the device in the locked state.",0.5031493922552248,0.9937012154895504,,,,
8538327,"1. A method comprising: obtaining in user equipment data indicative of position of a satellite; obtaining data indicative of position of the user equipment; computing a delay measure based on the data indicative of position of the satellite and the data indicative of position of the user equipment; and adjusting a timing of a communication transmitted from the user equipment to the satellite based on the delay measure; wherein the obtaining data indicative of position of the satellite comprises receiving data indicative of position and velocity of the satellite; and wherein the data indicative of the position and velocity of the satellite comprises ephemeris data given by: where X(t), Y(t) and Z(t) denote respective x, y and z coordinates of the position of the satellite, and V",0.5033114804994058,0.9933770390011885,,,,
9044793,"1. A method for cleaning a hot-wall type film formation apparatus with a batch processing system, comprising the steps of: heating an inner wall of a reaction chamber at a temperature higher than or equal to 700° C. and lower than or equal to 800° C.; introducing an ozone gas into the reaction chamber; and removing a carbon film deposited on the inner wall of the reaction chamber, wherein the carbon film is deposited on the inner wall of the reaction chamber by a thermal CVD method, and wherein a temperature of the inner wall of the reaction chamber is higher than or equal to 700° C. and lower than or equal to 800° C. in the step of removing the carbon film.",0.4965640628604748,0.9931281257209496,,,,
8934173,"1. An optical article for illuminating building interiors with sunlight, comprising: a sheet of an optically clear rigid material defined by a first broad-area surface and an opposing second broad-area surface; a first array of parallel channels formed in a surface of said sheet; and a second array of parallel channels formed in a surface of said sheet, said second array being crossed at an angle with respect to said first array; wherein each of said channels includes a first wall and an opposing second wall extending perpendicularly or nearly perpendicularly between said first broad-area surface and said second broad-area surface and configured for reflecting light by means of a total internal reflection.",0.4965585750858775,0.9931171501717552,,,,
8952745,"1. A temperature detecting circuit, comprising: a first rectifying element with a cathode at a first reference voltage and an anode connected to a first node; a first impedance element connected in series with a second rectifying element, the first impedance element and the second rectifying element connected between the first node and a second reference voltage; a third rectifying element with a cathode at the first reference voltage and an anode connected to a second node; a second impedance element connected in series with a fourth rectifying element, the second impedance element and the fourth rectifying element connected between the second node and the second reference voltage; a first voltage dividing circuit connected between the first node and the first reference voltage; and a differential amplifier configured to output a differential signal pair based on a difference in potential between the first node and the second node, wherein in response to temperature changes, a magnitude of a first signal of the differential signal pair increases when a magnitude of a second signal of the differential signal pair decreases and the magnitude of the first signal of the differential signal pair decreases when the magnitude of the second signal of the differential signal pair increases, and the difference in potential between the first node and the second node is determined using a first divided voltage corresponding to the potential at the first node, the first divided voltage being supplied to the differential amplifier from the first voltage dividing circuit.",0.4965378730209351,0.9930757460418702,,,,
8822678,"1. A method for synthesizing a compound of formula I, the method comprising:",0.496428643643285,0.99285728728657,,,,
9673441,"1. A connection pole for an accumulator, wherein the connection pole comprises an inner hollow region configured to receive a pole shaft of the accumulator, wherein the connection pole comprises a plurality of ribs on its inner wall in the inner hollow region, wherein the plurality of ribs run in the longitudinal direction of the connection pole and are tapered at a first end region and a second end region, wherein one or more or all of the plurality of ribs are integrally formed with the connection pole from the material of said connection pole and protrude from the inner side of the connection pole such that the ribs form a gap between the pole shaft and the inner surface of the connection pole, and wherein the material of said connection pole is a conductive material.",0.5035786882178483,0.9928426235643032,,,,
9261551,"1. A ground fault detecting device of an ungrounded circuit which detects ground fault of the ungrounded circuit having a direct-current power supply and arranged in a vehicle electrically insulated from a ground potential portion of a vehicle body, the ground fault detecting device of the ungrounded circuit comprising: a detection signal generator configured to output detection signals in which an output voltage changes at a predetermined detection frequency; a first amplifier connected to a positive side output part of the direct-current power supply via a first junction circuit in which a capacitor and a resistance are connected in parallel, and configured to superimpose the detection signals to the positive side output part via the first junction circuit, and to output voltage according to voltage of the positive side output part based on voltage which is input via the first junction circuit; a second amplifier connected to a negative side output part of the direct-current power supply via a second junction circuit in which a capacitor and a resistance are connected in parallel, and configured to superimpose the detection signals to the negative side output part via the second junction circuit, and to output voltage according to voltage of the negative side output part based on voltage which is input via the second junction circuit; a ground fault detection part configured to detect ground fault of the ungrounded circuit based on a fluctuation range between voltage of the positive side output part and voltage of the negative side output part when the detection signals are superimposed on the positive side output part and the negative side output part of the direct-current power supply by the first amplifier and the second amplifier; and a first power supply voltage detection part configured to detect output voltage of the direct-current power supply based on a difference of output voltage of the first amplifier and the second amplifier.",0.4962809850870283,0.9925619701740566,,,,
8804377,"1. A circuit, comprising: a control circuit having:",0.4962733568853233,0.9925467137706466,,,,
8355640,"1. A document feeding device, comprising: a document feeding portion for feeding a document from a document tray on which one or a plurality of sheets of documents are placed; a document set detecting portion for detecting whether or not there is a document set on the document tray; a determination portion for determining whether power supply to the document feeding device is started by turning-on of main power through turning on a main switch or by cancellation of a power saving mode; an initial operation portion for performing an initial operation of initializing the document feeding portion under a state in which there is no set document, performing the initial operation when the power supply to the document feeding device is started by the turning-on of the main power, and restricting execution of the initial operation when the power supply to the document feeding device is started by the cancellation of the power saving mode; and a display portion for displaying, when the initial operation is to be performed and there is a set document at the start of the power supply, a reset request making a request for reset of the document.",0.496029731235188,0.992059462470376,,,,
9177148,"1. A processor comprising: a plurality of hardware cores each to execute instructions, each of the plurality of hardware cores including a Return Oriented Programming (ROP) hardware logic to:",0.5040780669471883,0.9918438661056236,,,,
9821674,"1. A method for ascertaining a position of a motor vehicle, the method comprising: measuring at least one first magnetic field strength of a magnetic field at a respective first position by means of a first magnetic field sensor that is arranged on a vehicle; measuring at least one second magnetic field strength of the magnetic field at a respective second position by means of a second magnetic field sensor that is arranged on the vehicle at a distance from the first magnetic field sensor; ascertaining position data for the vehicle at least by comparing data that are based on the measured first and second magnetic field strengths with a predetermined magnetic field information item of the magnetic field; and outputting a signal on the basis of the position data that includes information about where a reception coil of the vehicle is currently situated relative to a transmission coil disposed in a charging position, wherein the measurement of the first and second magnetic field strengths is performed regularly or continuously.",0.4959038818424504,0.9918077636849008,,,,
8585521,"1. A transmission comprising: an input member; an output member; a stationary member; a first and a second planetary gear set each having a first member, a second member and a third member; a power-split unit including the first planetary gear set and having: a ratio-changing unit including the second planetary gear set and having:",0.504103747524742,0.991792504950516,,,,
9849186,"1. A composition comprising: a polyion complex comprising a polyanion selected from the group consisting of poly(acrylic acid), poly(methacrylic acid), poly(sulfonic acid), DNA, RNA and anionic proteins, and a triblock copolymer or salt thereof of following formula: wherein each L wherein the polyion complex is in the form of a polyion complex micelle in Na wherein said composition forms a gel when injected into a living body and said gel is retained in a specific area of the body selected from the group consisting of a periodontal pocket, a cancer lesion and a site affected by arthritis; and wherein the composition further provides at least one property selected from the group consisting of suppressing inflammation, scavenging active oxygen, and regulating fluidity.",0.4956830181088296,0.9913660362176592,,,,
9316101,"1. An engine comprising a piston, a cam coupled to a camshaft, wherein the cam is configured to provide a substantially flat-bottom piston motion, wherein the substantially flat-bottom piston motion comprises an x",0.4956806669095336,0.9913613338190672,,,,
9073981,"1. An isolated human antibody, or an antigen-binding fragment thereof, that neutralizes a dengue virus of serotypes DENV-1, DENV-2, DENV-3, or DENV-4, wherein the antibody does not contribute to antibody-dependent enhancement of dengue virus infection, wherein the Fc region of said antibody or antigen-binding fragment thereof comprises a CH2 L4A mutation, a CH2 L5A mutation, or both, and wherein the antibody, or the antigen binding fragment thereof, comprises the heavy chain CDR1, CDR2 and CDR3 and the light chain CDR1, CDR2 and CDR3 sequences as set forth in (i) SEQ ID NOs: 1-6, respectively; (ii) SEQ ID NOs: 17-22, respectively; (iii) SEQ ID NOs: 33-38, respectively; (iv) SEQ ID NOs: 49-54, respectively; (v) SEQ ID NOs: 67-72, respectively; (vi) SEQ ID NOs: 83-88, respectively; (vii) SEQ ID NOs: 83-85, 99, 53, and 100, respectively; (viii) SEQ ID NOs: 105-110, respectively; (ix) SEQ ID NOs: 121-123, 70 124, and 125, respectively; (x) SEQ ID NOs: 135-139, and 109, respectively; (xi) SEQ ID NOs: 149, 136-139, and 109, respectively; (xii) SEQ ID NOs: 153-158, respectively; (xiii) SEQ ID NOs: 169-174, respectively; or (xiv) SEQ ID NOs: 185-188 37, and 189, respectively.",0.4956759717587741,0.9913519435175482,,,,
9199734,"1. A motorized device arranged to move using cyclic motion, the device comprising: at least two DC motors; at least one limb coupled to the at least two DC motors, and configured to be driven by the at least two DC motors for moving the device; and a resilient biaser coupled to the at least one limb and configured to further drive the at least one limb using mechanical resonance configured to occur at a flapping frequency of the at least one limb.",0.5043725961893113,0.9912548076213774,,,,
9296953,"1. A system for removing hydrocarbons from sand, the system comprising: a first hopper configured to screen large debris from a contaminated sand source; a first inclined auger in fluid communication with the first hopper; a second hopper in fluid communication with the first inclined auger, the second hopper comprising a eductor; a first desanding unit in fluid communication with the second hopper; a first auger tank having a first compartment and a second compartment and a horizontal auger, wherein the first compartment is configured to receive an under flow from the first desanding unit and the second compartment is configured to receive an overflow from the first desanding unit; a second inclined auger in fluid communication with the horizontal auger; and a separator in fluid communication with the first auger tank and configured to receive a hydrocarbon overflow from the first auger tank.",0.4955626827157277,0.9911253654314554,,,,
8574637,"1. A composition of matter comprising a Salvia hispanica L. derived seed oil comprising from 60-88% PUFAs in a ratio of from 3.1:1-3.3:1 of alpha-linolenic acid (ALA) to linoleic acid (LA), 4-10% of C-18 mono-unsaturated acid, 1-5% of C-18 saturated fatty acid and 4-8% of C-16 saturated fatty acid in a mixed triglyceride form that is stable at room temperature for 12-24 months and comprising a mixture of selected antioxidants, wherein said Salvia hispanica L. derived seed oil is made by subjecting the Salvia hispanica L seed to supercritical fluid CO 2 extraction in the presence of lipophilic and/or hydrophilic antioxidants to produce a seed oil extract; fractionating the resulting seed oil extract in separate pressure step-down stages for collecting light and heavy fractions of seed oil extract; and separating the heavy fraction from the light fraction and any remaining water in the heavy fraction of seed oil extract to form the final seed oil from the heavy fraction.",0.504465387937865,0.99106922412427,,,,
8854626,1. A system for detecting the onset of stall in turbomachinery comprising: one or more optical sources operably configured for transmitting light toward one or more blades; one or more optical detectors operably configured for receiving light reflected from a plurality of points disposed widthwise across the one or more blades; and a processor in operable communication with the detector for determining blade twist angle and for measuring intensity of the reflected light to identify onset of stall; and a plurality of optical fibers linearly arranged in a row for transmitting light from the one or more optical sources and for transmitting light reflected from a blade to the one or more detectors.,0.5045759211810721,0.9908481576378558,,,,
9436899,"1. A method of initializing a transponder, the transponder being switchable between a TTF mode and an RTF mode within a switching timeframe, the method comprising: shifting a position of the switching timeframe from a first position to a second position relative to a timeframe allocated to the TTF mode, wherein the second position is different from the first position and at least one predefined condition results in shifting of the switching timeframe.",0.49542209908664,0.99084419817328,,,,
9586971,1. An isolated green sulfur bacterium Chlorobaculum limnaeum strain RK-j-1 deposited at National Institute of Technology and Evaluation Patent Microorganisms Depositary (NPMD) as accession number NITE BP-1202.,0.5045817937398567,0.9908364125202866,,,,
8589014,"1. A method for controlling a vehicle having an autonomous operation mode, the method comprising: controlling, by a processor, operation of the vehicle based on a first control strategy; identifying a sensor field based on a field of view of one or more sensors of the vehicle; receiving sensor data from selected ones of the one or more sensors; detecting a moving object in the roadway and a location of the object in the sensor field based on the received sensor data; identifying a change in sensor perception of the one or more sensors based on the location of the object, the change in the sensor perception including a decrease in an ability to detect objects within the sensor field; determining, based on the change, a second control strategy for increasing the ability to detect objects within the sensor field; and responsive to identifying the change, maneuvering, by the processor, the vehicle in the autonomous mode so that the vehicle falls behind the object according to the second control strategy in order to increase the ability to detect objects within the sensor field.",0.5046389360807275,0.990722127838545,,,,
9359361,"1. A compound of Formula I or a pharmaceutically acceptable salt thereof, wherein or NR 3 R 4 , wherein R a′ , R b′ , and R c′ are each independently (C 1 -C 4 )alkyl;",0.4953293911155084,0.9906587822310168,,,,
9841535,"1. An antireflection film comprising: a substrate formed of chalcogenide glass in which the sum of a composition ratio of germanium and a composition ratio of selenium is 60% or higher; a multiple layer structure formed on the substrate, and including first to fifth layers in order from the substrate; wherein the first, third and fifth layers are high refractive index layers formed of hydrogenated carbon films, and have a refractive index of 1.7 to 2.25 at a wavelength of 10.5 μm, the second and fourth layers are low refractive index layers formed of MgF the first layer has an optical thickness in a range of 2700 nm to 3100 nm, the second layer has an optical thickness in a range of 600 nm to 2100 nm, the third layer has an optical thickness in a range of 300 nm to 1700 nm, the fourth layer has an optical thickness in a range of 2200 nm to 3500 nm, and the fifth layer has an optical thickness in a range of 100 nm to 300 nm, and has a hydrogen content ch in a range of 0 [at. %]<ch≦7.5 [at. %].",0.4951175639868894,0.9902351279737788,,,,
8962456,"1. A method for producing a Group III nitride semiconductor single crystal through use of a flux for growing a Group III nitride semiconductor single crystal, the method comprising: adding a seed-crystal substrate, a flux, and semiconductor raw materials into a crucible and growing a Group III nitride semiconductor single crystal while the crucible is rotated, wherein, in the growth of the semiconductor single crystal, the crucible having an inside diameter R (mm) is rotated at a maximum rotation speed ω (rpm) satisfying the following conditions:",0.4950622318295649,0.9901244636591298,,,,
8567218,"1. A burner for a vapour deposition process, comprising: a front face; a precursor exit port defined in said front face for ejecting a glass precursor material, the precursor exit port having a center centrally-located on said front face, said precursor exit port having a concave shape at said front face comprising a circular central region and a plurality of radial regions extending from the central region and each radial region is defined by a pair of walls converging toward the axis and an end wall, respectively; and an annular orifice defined in said front face for ejecting a gas, said annular orifice surrounding said central orifice.",0.4950131212338896,0.9900262424677791,,,,
9665149,"1. A gateway for controlling Wakeup-on-LAN and Sleep-on-LAN, comprising: a first port, for coupling to the Internet; and a second port, for coupling to a Local-Area-Network (LAN) that supports Wakeup-on-LAN protocol and Sleep-on-LAN protocol, wherein at least one terminal device is connected to the gateway in the Local-Area-Network (LAN), wherein each of the at least one terminal device is associated with an identification for identifying the terminal device, respectively; wherein the gateway has integrated support for both of the Wakeup-on-LAN protocol and Sleep-on-LAN protocol, wherein the gateway collects an identification and an address of each of the at least one terminal device in the Local-Area-Network (LAN) to associate the identification with the address of the terminal device, wherein a P2P (point-to-point) connection is established between the gateway and a remote device through the Internet, wherein the gateway wakes up a first terminal device of the at least one terminal device or put said first terminal device into a sleep mode through the second port according to a command carrying the identification of the first terminal device and terminated at the gateway via the P2P connection.",0.4949459093502492,0.9898918187004984,,,,
9487588,"1. An anti-ErbB3 antibody comprising a heavy chain variable region comprising SEQ ID NO:1, or an amino acid sequence at least 90% identical thereto, and a light chain variable region comprising SEQ ID NO:2, or an amino acid sequence at least 90% identical thereto, wherein the antibody binds the ectodomain of human ErbB3, and wherein the antibody comprises: (a) variable heavy chain residues Tyr32 or Phe32, Va133, Trp57, Met102, Thr104, and Ile105 of SEQ ID NO: 1; and (b) variable light chain residues Asp28, Tyr32 or Phe32, and Tyr93 or Phe93 of SEQ ID NO: 2.",0.5050996644226379,0.9898006711547244,,,,
9739494,"1. A humidifier comprising: a housing comprising air vents; humidifying equipment, including a water tank, disposed within the housing to provide humidified air to appreciably increase net moisture content of ambient air within a room; the air vents disposed on a first side of the housing and configured to release humidified air generated by the humidifying equipment into the room; and an image projector coupled to a second side of the housing and configured to project an image onto a surface of the room, wherein the second side of the housing faces a direction different from that of the first side of the housing so that the projected image does not pass through the released humidified air exiting the air vents.",0.5051401382572626,0.9897197234854748,,,,
8587109,"1. An assembly of microelectronic devices, comprising: a support member having support member circuitry; a first microelectronic die package attached to the support member and including a first die and a first substrate coupling the first die to the support member circuitry with first conductive members, wherein the first substrate has a first planform shape; and a second microelectronic die package attached to the first die package and including a second die and a second substrate, the second substrate coupling the second die to the support member circuitry with second conductive members, wherein the second substrate has a second planform shape that extends at least partially beyond the first planform shape, and wherein the second conductive members are positioned within the second planform shape.",0.4948487090655018,0.9896974181310036,,,,
9297153,"1. A water saving aerator adapted to be attached to a water tap for generating bubble foam water and flowing the bubble foam water, comprising; a water flow forming portion for forming a water flow through the water saving aerator; a water flow accelerator for accelerating the water flow supplied from the water flow forming portion and jetting an accelerated water flow jet downwardly; a water flow cylinder through which the accelerated water flow flows; an air cavity disposed in the water flow cylinder within a space for the water flow, the width of the air cavity being larger than that of the accelerated water flow jet, the air cavity containing air while the water flushes into it; a water deflection part on an inner side surface of the water flow cylinder, the water deflection part being hit by the accelerated water jet obliquely and downwardly and deflecting the accelerated water jet obliquely and downwardly, and diffusing the accelerated water jet to fill the water flow cylinder; and a ventilation pass for supplying outer air to the air cavity via air intake holes to the air cavity; wherein the accelerated water flow jet accelerated by the water flow accelerator is jetted into the air contained in the air cavity disposed in the water flow cylinder, and the bubble foam water flow is generated by injecting the air into the water flow.",0.5053685270211996,0.9892629459576008,,,,
8864463,"1. An axial-flow, rotating ceiling fan comprising: (a) a stationary motor shaft having a top end for mounting to a horizontal surface and an opposite, bottom end suspended from the horizontal surface; (b) an electric fan motor rotating about the motor shaft and located at the top end of the motor shaft; (c) a motor hub rigidly connected to a bottom surface of the fan motor and rotating about the motor shaft with the fan motor, the motor hub having internal splines comprising a series of grooves arranged radially about the motor shaft; (d) a transmission mechanism connected to the motor hub, the transmission mechanism comprising: (e) a pair of fan blades arranged symmetrically about the motor shaft and denoted here as a first fan blade and a second fan blade, the first fan blade having a first fan blade tip and a first fan blade root, the second fan blade having a second fan blade tip and a second fan blade root; (f) a blade deployment mechanism comprising: wherein the sun gear slides within the motor hub while engaging the internal splines of the motor hub; wherein the sun gear slides within the ring gear housing to engage and disengage the first internal spline of the ring gear housing; wherein in an energized state, the electromagnetic coil is energized and generates a magnetic force, the clutch plate is in contact with the upper end of the coil housing due to the magnetic force of the electromagnetic coil, and the sun gear is disengaged from the first internal spline of the ring gear housing due to the magnetic force of the electromagnetic coil; wherein in a de-energized state, the electromagnetic coil is de-energized and does not generate the magnetic force, the clutch plate is not in contact with the upper end of the coil housing due to the spring resistance of the clutch plate springs, and the sun gear is engaged with the first internal spline of the ring gear housing due to the spring force of the sun gear spring; wherein in a deployed state, the first end of the first drive link rotates about the motor shaft in a first rotative direction and activates the first blade link to rotate in the first rotative direction about the first blade pivot assembly, the first blade link causes the first fan blade to pivot about the first blade pivot assembly in the first rotative direction, the result being that the first fan blade tip is farther from the motor shaft than the first fan blade root, likewise the first end of the second drive link rotates about the motor shaft in the first rotative direction and activates the second blade link to rotate in the first rotative direction about the second blade pivot assembly, the second blade link causes the second fan blade to pivot about the second blade pivot assembly in the first rotative direction, the result being that the second fan blade tip is farther from the motor shaft than the second fan blade root; and wherein in a retracted state, the first end of the first drive link rotates about the motor shaft in a second rotative direction and activates the first blade link to rotate in the second rotative direction about the first blade pivot assembly, the first blade link causes the first fan blade to pivot about the first blade pivot assembly in the second rotative direction, the first fan blade sliding between the main fan plate and the clutch plate, the result being that the first fan blade tip is equidistant from the motor shaft as the first fan blade root, likewise the first end of the second drive link rotates about the motor shaft in the second rotative direction and activates the second blade link to rotate in the second rotative direction about the second blade pivot assembly, the second blade link causes the second fan blade to pivot about the second blade to pivot assembly in the second rotative direction, the second fan blade sliding between the main fan plate and the clutch plate, the result being that the second fan blade tip is equidistant from the motor shaft as the second fan blade root, each of the first fan blade and the second fan blade being shaped and dimensioned to together form a disk symmetrical about the motor shaft in the in retracted state.",0.505777902771671,0.988444194456658,,,,
8444764,"1. A gypsum plaster composition containing, per 100% by weight of gypsum plaster as dry matter, from 0.001 to 0.5% by weight of a setting retarder, based on dry matter, wherein the setting retarder comprises: at least one single adduct and/or condensate which can be prepared by reaction of at least one protein hydrolyzate, amino acid, amino acid mixtures, and/or hydrochlorides thereof with at least one monocarboxylic, dicarboxylic, oligocarboxylic, and/or polycarboxylic acid which is not derived from an amino acid and/or carboxylic acid derivatives derived therefrom, wherein the carboxylic acid derivative is selected from the group consisting of carboxylic anhydrides, carboxylic acid halides, and active carboxylic esters.",0.5057940013723081,0.9884119972553838,,,,
9465623,"1. An apparatus comprising: means for receiving and handling an input/output (I/O) request of a Microsoft Windows operating system, the Microsoft Windows operating system to be executed by a multi-core processor of a computer, the Microsoft Windows operating system being different from a first operating system with which the means for receiving and handling is associated; means for reporting a number of processing units of the computer to the Microsoft Windows operating system as being available that is different from a total actual number of processing units of the computer, each processing unit of the computer comprising a processor core, the number of the processing units of the computer to be reported to the Microsoft Windows operating system being user changeable; the first operating system to share data of the first operating system with the Microsoft Windows operating system, wherein a portion of memory allocated to the first operating system is hidden from the Microsoft Windows operating system.",0.5058438581249507,0.9883122837500986,,,,
8637141,"1. A surface comprising a nanoporous coating including a first thickness including a first plurality of nanoparticles having a first diameter and having a first porosity and a second thickness including a second plurality of nanoparticles having a second diameter different from the first diameter and having a second porosity different from the first porosity, the coating including: a first functionalizing compound present in the first porosity as a capillary condensate, a second functionalizing compound present in the second porosity as a capillary condensate, wherein the first and second functional compounds are different, wherein the coating has a thickness of less than 500 nm wherein the first functionalizing compound is a polymer or a polymer precursor capable of forming a capillary condensate in capillary interstices, and wherein pores in the first thickness are formed between the first plurality of nanoparticles and pores in the second thickness are formed between the second plurality of nanoparticles.",0.5058490257137925,0.9883019485724148,,,,
9800311,"1. A data transmission method using physical network coding in a relay station, the method comprising: receiving a first signal from a first node and a second signal from a second node; generating a third signal to which the physical network coding is applied based on the first signal and the second signal; determining a beam-forming matrix which maximizes a lower effective power between an effective power of a first channel and an effective power of a second channel; and transmitting the third signal to the first node and the second node using the beam-forming matrix, wherein the first channel is formed between the relay station and the first node, the second channel is formed between the relay station and the second node, and the beam-forming matrix is determined on a plane where a first beam-forming matrix for the first channel when it is assumed that the second node is not present and a second beam-forming matrix for the second channel when it is assumed that the first node is not present are spanned.",0.4941094500128487,0.9882189000256976,,,,
9398611,"1. A method of supporting channel access of an overriding station (STA) which does not belong to a group indicated by a traffic indication map (TIM) in a wireless communication system, the method comprising: receiving, by an access point (AP), a channel access request frame in a TIM interval from the overriding STA; and transmitting, by the AP, a response frame indicating whether the channel access is allowed to the overriding STA in response to the channel access request frame, wherein the TIM interval includes a group channel access interval corresponding to a bit set to 1 in a TIM bitmap for a group STA that belongs to the group and an overriding channel access interval corresponding to a bit set to 0 in a TIM bitmap for the overriding STA, and wherein the channel access is allowed when an association ID (AID) corresponding to the bit set to 0 exists.",0.4940476883315094,0.9880953766630188,,,,
9435006,"1. An extraction method for metals, the method comprising subjecting an acid solution containing one or more metals selected from precious metals and rhenium to solvent extraction with a metal extraction agent to extract the one or more metals selected from the precious metals and the rhenium from the acid solution, wherein the metal extraction agent that comprises an amide derivative represented by the following general formula (I): wherein, R the alkyl group can be a straight chain or a branched chain; R R",0.4940363617577987,0.9880727235155976,,,,
8543138,"1. A method of providing pages to subscriber stations over a wireless network within a transmission region, and near sector boundaries using a multi-sector broadcast channel, comprising: receiving data related to a list of all pages to be transmitted to subscriber stations in a paging region that has a plurality of sectors; generating a substantially identical waveform at a base station in each of the plurality of sectors; transmitting the substantially identical waveform concurrently from a subset of the sectors in the region to permit signal aggregation of waveforms over the air to page subscriber stations identified in the list of pages to be transmitted; providing an aggregate waveform to one or more subscriber stations, wherein the aggregate waveform comprises combined signal energy from at least two substantially identical waveform transmissions from at least two different sectors to improve spectral efficiency within the transmission region and near sector boundaries; and further comprising providing time slots synchronized across all sectors in the paging region during which individuals sectors in the region simultaneously transmit the substantially identical waveform.",0.505970020075192,0.988059959849616,,,,
8455041,"1. A method for making a composite article, said method comprising: providing a substrate having at least a substrate surface; depositing a coating material comprising an inorganic and an organic material, said coating material having a composition on said substrate surface; and changing said composition of said coating material substantially continuously while said coating is being formed such that said composition varies substantially continuously across a thickness of said coating; wherein the composition of said coating material varies across a thickness thereof such that a graph of the percent composition of one of the components of the coating versus the depth of the coating has plural peaks.",0.505990873752368,0.988018252495264,,,,
8761093,"1. A method of controlling discontinuous reception (DRX) in user equipment (UE) based on rate shaping by a wireless communication network, comprising: rate shaping traffic transmitted by the network using a modified token bucket rate shaping algorithm comprising:",0.4940072358621163,0.9880144717242326,,,,
9756189,"1. An apparatus, for use at a first gateway configured to be disposed between a call source device and a packet-switched network, comprising: a processor and a memory communicatively connected to the processor, the processor configured to:",0.5060496652545873,0.9879006694908254,,,,
8629263,"1. A compound represented by the structure: wherein LG′ is tosylate, camphorsulfonate, an aryloxide, or an aryloxide substituted with at least one electron withdrawing group.",0.5060669058719003,0.9878661882561994,,,,
8952135,"1. An isolated antibody or an effective part thereof, which specifically binds to a fragment of a Streptococcus agalactiae polypeptide comprising SEQ ID NO: 364, wherein the fragment comprises an amino acid sequence selected from the group consisting of the amino acids 399-417, 503-519, or 489-556 of SEQ ID NO: 364, wherein said antibody is a humanized antibody, a chimeric antibody, or a single chain antibody.",0.5060960944615288,0.9878078110769424,,,,
8853977,"1. An apparatus comprising: a spherical housing; a first pair of flywheel assemblies rotatable about a first axis within said spherical housing; a second pair of flywheel assemblies about a second axis within said spherical housing; a third pair of flywheel assemblies rotatable about a third axis within said spherical housing, each of the flywheel assemblies of said first pair of flywheel assemblies and said second pair of flywheel assemblies and said third pair of flywheel assemblies having at least one permanent magnet motor therein, each flywheel assembly of said first pair being rotatable in opposite directions, each flywheel assembly of said second pair being rotatable in opposite directions, each flywheel assembly of said third pair being rotatable in opposite directions, each of said first, second and third axes being perpendicular to each other; a first plurality of windings positioned around a first side of said spherical housing; and a second plurality of windings positioned around a second side of said spherical housing, said first plurality of windings having a greater retention strength than a retention strength of said second plurality of windings.",0.5061438797677922,0.9877122404644156,,,,
9148481,"1. An integrated circuit comprising: a first analog to digital (A/D) converter; a second A/D converter; and a signal sharing component, the signal sharing component comprising:",0.5061761657364676,0.9876476685270648,,,,
9224962,"1. A luminescent gold(III) compound comprising the chemical structure represented by the following general formula, wherein: (a) [Au] is a cyclometalated tridentate gold(III) group; (b) Unit A is a σ-donating chemical group; (c) Unit B is a central part of the dendrons comprising a branch point of component dendrimers; (d) Unit C is optional surface groups or dendrons of the dendrimers; (e) n=0 or 1.",0.5061859782241057,0.9876280435517886,,,,
9748410,"1. A laminated body stacked with a layer represented by AI x Ga 1-x N, wherein X is a rational number satisfying 0.3≦X≦0.8 and having a Si content of 1×10 18 to 5×10 19 cm −3 , on at least one principal plane of an n-type aluminum nitride single crystal substrate, wherein said n-type aluminum nitride single crystal substrate has an Si content of 3×10 17 to 1×10 20 cm −3 , a dislocation density of 10 6 cm −2 or less, and a thickness of 50 to 500 μm.",0.4938131884862768,0.9876263769725536,,,,
9495875,1. A vehicle comprising: at least one sensor; at least one processor; and data storage comprising instructions executable by the at least one processor to:,0.4937951565380206,0.9875903130760412,,,,
8405108,"1. A fluorosulfide phosphor having a chemical formula of (A 1-x-y Ce x B y )SF, wherein A and B are trivalent metal ions other than Ce,0<x ≦0.1 and 0 ≦y ≦1.",0.4937777184734349,0.98755543694687,,,,
8524421,"1. A mask blank for manufacturing a transfer mask, the mask blank having a light-shielding film on a transparent substrate, wherein the light-shielding film: (a) is made of a material containing tantalum as a main metal component, (b) has a highly oxidized layer formed as a surface layer of the light-shielding film, that is placed on a side opposite to a transparent substrate side, and (c) the highly oxidized layer has a Ta 4f narrow spectrum, when the highly oxidized layer is analyzed by X-ray photoelectron spectroscopy, and has a maximum peak at a binding energy of more than 23 eV.",0.4936163674093992,0.9872327348187984,,,,
8826840,"1. A collapsible mast and rigging for a sailboat, comprising: a collapsible elongate mast defining an elongate axis, the mast having a base section and one or more telescopic sections, each telescopic section having a cylindrical outer surface; and a plurality of mast rings, each mast ring having a sail attachment portion for attaching the mast ring to the sail of the sailboat, and a ring-shaped portion for loosely fitting around a selected one of the telescopic sections, the loose fitting to provide for sliding the mast ring along the elongate axis on the outer surface of the telescopic section in response to raising or lowering the telescopic section, and rotating the mast ring about the telescopic section in response to wind forces applied to the sail.",0.5064776083953195,0.987044783209361,,,,
9098643,"1. A serial bus interface circuit, comprising: at least two serial ports; a memory to store a relationship between serial bus addresses and the at least two serial ports; and a controller to control access to the at least two serial ports, wherein the controller is configured to:",0.4934588117262889,0.986917623452578,,,,
8595541,"1. A method for clocking a plurality of data processing modules which require different average clock frequencies and for transferring data between the modules, the method comprising the steps of: providing a common clock signal to each of clock gating circuits associated with each of the modules; deleting clock pulses from the common clock signal provided to the respective clock gating circuit in dependence on one of the clock frequencies required by the respective module; applying the clock pulses to the modules between which the data is to be transferred at times consistent with data transfer; performing a handshake operation between the modules between which the data is to be transferred; and gating the handshake operation such that the data is prevented from being transferred when appropriate patterns of the clock pulses are not available, wherein the clock pulses are applied to the modules at times consistent with data sourcing and sinking capabilities of the modules between which the data is to be transferred.",0.4934478092867212,0.9868956185734424,,,,
8753732,1. A flexible heat insulation product ( 1 ) comprising: a flexible heat insulating core layer ( a flexible facing (,0.5066065481450962,0.9867869037098076,,,,
9722668,"1. A home appliance comprising: a display unit that outputs an operation setting and an operation state; a tag unit that performs Near Field Communication (NFC) with a terminal; and a controller that (i) stores product information at the tag unit, (ii) receives data stored at the tag unit, (iii) changes the operation setting, (iv) controls the operation state, and (v) outputs the changed operation setting to the display unit, wherein the controller (i) determines network connection information that is stored at the tag unit by the terminal, (ii) stores the network connection information in a communication unit, (iii) transmits and receives data wirelessly by connecting, through the communication unit, to a network that is associated with the network connection information, (iv) transmits data of the home appliance to a server by connecting to the server based on product information of the home appliance based on a network connection through the communication unit being successful, and (v) controls operation of the home appliance according to a received control instruction from the terminal or based on the server being connected to the network through the communication unit.",0.5067757921102526,0.9864484157794948,,,,
9571145,"1. A high frequency circuit module comprising: an insulating substrate; an antenna; an antenna port connected to the antenna; a front-end port connected to a high frequency front-end circuit; a reactance circuit portion including at least one variable reactance device, the at least one variable reactance device being a variable capacitance element connected in series between the antenna port and the front-end port; and a variable inductor circuit portion including an inductor and a switch, the variable inductor circuit portion being connected between the antenna port and ground; wherein the inductor is a first inductor having a fixed inductance and is connected between the antenna port and the ground; the variable inductor circuit portion further includes a second inductor having a fixed inductance and being connected between the antenna port and the ground; the antenna includes an antenna conductor pattern provided on the insulating substrate; the first inductor or the second inductor includes a line conductor pattern provided on the insulating substrate and connected to the antenna conductor pattern; and the antenna is an inverted-F antenna.",0.5070250529768454,0.9859498940463092,,,,
9562067,"1. A process for the synthesis of (17α)-17-acetyl-17-hydoxy-estr-4-en-3-one of formula (I) characterized by reacting the compound of formula (II) with 1.5-10 mol equivalent of methyl lithium in the presence of substituted 1,2-diamino-ethane in an ether or formaldehyde dialkylacetal solvent or a mixture thereof at a temperature between −78° and −10° C., then reacting the protected imine derivative obtained as intermediate with mineral acids or strong organic acids at a temperature between 0° C. and the boiling point of the applied organic solvent.",0.5071089382739661,0.9857821234520678,,,,
9198254,"1. A light emitting diode (LED) backlight driving circuit, comprising: an LED lightbar; and a driver integrated circuit (IC) coupled to the LED lightbar, wherein the driver IC is configured with a protection pin that controls the driver IC to enter a protection mode when a voltage of the protection pin exceeds a preset voltage range, and wherein an input undervoltage protection module is coupled between a power input end of the LED lightbar and the protection pin; an output overvoltage protection module is coupled between a power output end of the LED lightbar and the protection pin; wherein the input undervoltage protection module comprises a first controllable switch, and an undervoltage control unit coupled to a control end of the first controllable switch; the first controllable switch is connected in series between the protection pin and a power grounding end of the LED backlight driving circuit; the undervoltage control unit comprises a first resistor and a second resistor that are connected in series between the power input end of the LED lightbar and the power grounding end of the LED backlight driving circuit in sequence, the control end of the first controllable switch is coupled between the first resistor and the second resistor, and the first controllable switch is turned on at a low level; a first Zener diode is connected in series between the power input end of the LED lightbar and the first resistor, an anode of the first Zener diode is coupled to the first resistor, and a cathode of the first Zener diode is coupled to the power input end of the LED lightbar; wherein the output overvoltage protection module comprises a first divider unit and a second divider unit that are connected in series between the power output end of the LED lightbar and the power grounding end of the LED backlight driving circuit, and the protection pin is coupled between the first divider unit and the second divider unit; the first divider unit comprises a third resistor and a fourth resistor that are connected in series, and the second divider unit comprises a fifth resistor; a sixth resistor is connected in series between the protection pin and the first divider unit and the second divider unit; an input overvoltage protection module coupled between the power input end of the LED lightbar and the protection pin; the input overvoltage protection module comprises a second controllable switch, and an overvoltage control unit coupled to a control end of the second controllable switch; the second controllable switch is connected in series between the protection pin and the power grounding end of the LED backlight driving circuit; the overvoltage control unit comprises a second Zener diode, a seventh resistor and an eighth resistor that are connected in series between the power input end of the LED lightbar and the power grounding end of the LED backlight driving circuit in sequence, the control end of the second controllable switch is coupled between the seventh resistor and the eighth resistor, and the second controllable switch is turn on at the high level; an anode of the second Zener diode is coupled to the seventh resistor, and a cathode of the second Zener diode is coupled to the power input end of the LED lightbar.",0.4928908252486892,0.9857816504973784,,,,
9005789,"1. A method of manufacturing a jelly-roll electrode assembly pattern-coated with active materials, manufactured by winding and compressing a separator and an anode and a cathode arranged on both sides of the separator, wherein the anode comprises an anode flat coated portion coated with an anode active material and an anode curved uncoated portion not coated with the anode active material, which are alternately formed, and wherein the cathode comprises a cathode flat coated portion coated with a cathode active material and a cathode curved uncoated portion not coated with the cathode active material, which are alternately formed, wherein the widths of the curved uncoated portion of the cathode and the anode are formed to be smaller than that of the electrode assembly curved portion, and inflection points of the curved portion of the electrode assembly are included in the curved uncoated portion of the cathode and the anode, the method comprising any one of; determining widths of an inner side and an outer side of the anode curved uncoated portion and the cathode curved uncoated portion to which widths of an inner side and an outer side of the anode curved uncoated portion satisfy following equations (1) and (2) respectively, and to which widths of an inner side and outer side of the cathode curved uncoated portion satisfy following equations (3) and (4) respectively, in order that a first radius curvature of the anode curved uncoated portion is smaller than a first radius curvature of the cathode curved uncoated portion; and determining widths of an inner side and an outer side of the cathode curved uncoated portion and the anode curved uncoated portion to which widths of an inner side and an outer side of the cathode curved uncoated portion satisfy following equations (5) and (6) respectively, and to which widths of an inner side and an outer side of the anode curved uncoated portion satisfy following equations (7) and (8) respectively, in order that a first radius curvature of the cathode curved uncoated portion is smaller than a first radius curvature of the anode curved uncoated portion; wherein W(I)n designates a width of an inner side of an nth anode curved uncoated portion, Ts designates a thickness of the separator, Ta designates a thickness of the anode, Tc designates a thickness of the cathode, and n is an integer; wherein W(II)n designates a width of an outer side of an nth anode curved uncoated portion, Ts designates a thickness of the separator, Ta designates a thickness of the anode, Tc designates a thickness of the cathode, and n is an integer; wherein W(III)n designates a width of an inner side of an nth cathode curved uncoated portion, Ts designates a thickness of the separator, Ta designates a thickness of the anode, Tc designates a thickness of the cathode, and n is an integer; wherein W(IV)n designates a width of an outer side of the nth cathode curved uncoated portion, Ts designates the thickness of the separator, Ta designates a thickness of the anode, Tc designates a thickness of the cathode, and n is an integer; wherein W(I)n designates a width of an inner side of an nth cathode curved uncoated portion, Ts designates a thickness of the separator, Ta designates a thickness of the cathode, Tc designates a thickness of the anode, and n is an integer; wherein W(II)n designates a width of an outer side of the nth cathode curved uncoated portion, Ts designates the thickness of the separator, Ta designates a thickness of the cathode, Tc designates a thickness of the anode, and n is an integer; wherein W(III)n designates a width of an inner side of an nth anode curved uncoated portion, Ts designates a thickness of the separator, Ta designates a thickness of the cathode, Tc designates a thickness of the anode, and n is an integer; wherein W(IV)n designates a width of an outer side of the nth anode curved uncoated portion, Ts designates the thickness of the separator, Ta designates a thickness of the cathode, Tc designates a thickness of the anode, and n is an integer.",0.4928442823183106,0.9856885646366212,,,,
